Workbook

Sheet AYARLAR
A1: RENEW PERFORMANS - ANA AYARLAR
A3: AKTİF PARAMETRE | B3: DEĞER | D3: ALT AYAR SEKME | E3: İÇERİK | F3: DEĞİŞİKLİK ETKİSİ | G3: DURUM
A4: Noter Masrafı | B4: ='GİDER AYARLARI'!B4 -> 2602 | D4: GİDER AYARLARI | E4: Noter, ekspertiz, 150 nokta, sigorta, SKS | F4: Maliyet ve kârlılık hesaplarına yansır | G4: AKTİF
A5: Ekspertiz Masrafı | B5: ='GİDER AYARLARI'!B5 -> 3900 | D5: ALIM AYARLARI | E5: Nakit, takas, ihale, şirket aracı | F5: Alım türü ve SKS uygulamasına yansır | G5: AKTİF
A6: 150 Nokta Kontrol | B6: ='GİDER AYARLARI'!B6 -> 1900 | D6: SATIŞ AYARLARI | E6: Satış türleri ve ek gelirler | F6: Satış ve performans girişlerine yansır | G6: AKTİF
A7: Sigorta Gideri | B7: ='GİDER AYARLARI'!B7 -> 2500 | D7: DANIŞMAN AYARLARI | E7: Danışman listesi ve hedefler | F7: Danışman performansına yansır | G7: AKTİF
A8: SKS Aylık Finansman Oranı | B8: ='GİDER AYARLARI'!B8 -> 0.035
A9: Toplam Sabit Alım Gideri | B9: ='GİDER AYARLARI'!B10 -> 10902
D10: KULLANIM NOTU
D11: 1 | E11: Sarı hücreleri değiştirin.
D12: 2 | E12: Gider ve SKS oranı değişince formüller otomatik güncellenir.
D13: 3 | E13: Alım / satış / danışman listeleri alt sekmelerden yönetilir.
D14: 4 | E14: Dashboard ve performans sayfaları değişiklikleri baz alır.

Sheet ARAÇ VERİ GİRİŞİ
A1: RENEW ARAÇ KARLILIK & STOK TAKİP
A3: SAYI | B3: OTOMOBİL BİLGİLERİ | C3: M.YILI | D3: PLAKA | E3: ALIM TÜRÜ | F3: ALIŞ BEDELİ | G3: ALIŞ TARİHİ | H3: SATIŞ TARİHİ | I3: SKS GÜN | J3: NOTER | K3: EXPERTİZ | L3: 150 NOKTA | M3: SİGORTA GİDERİ | N3: EK MASRAF | O3: SKS FİNANSMAN GİDERİ | P3: TOPLAM GİDER | Q3: TOPLAM MALİYET | R3: MÜŞTERİ BİLGİLERİ | S3: SATIŞ TÜRÜ | T3: SATIŞ BEDELİ | U3: BRÜT KAR | V3: NET KAR | W3: NET KARLILIK | X3: STOK DURUMU | Y3: SATIŞ DANIŞMANI | Z3: SİGORTA-KASKO GELİRİ | AA3: KREDİ GELİRİ | AB3: UZATILMIŞ GARANTİ GELİRİ | AC3: TOPLAM EK GELİR | AD3: PERFORMANS NET KARI
A4: =ROW()-3 -> 1 | B4: SANDERO STEPWAY | C4: 2025 | D4: 33BCP119 | E4: ŞİRKET ARACI | F4: 1200000 | G4: 46247 | H4: 46247 | I4: =IF(G4="","",IF(H4="",TODAY()-G4,H4-G4)) -> 0 | J4: 0 | K4: =IF(F4="","",'GİDER AYARLARI'!$B$5) -> 3900 | L4: =IF(F4="","",'GİDER AYARLARI'!$B$6) -> 1900 | M4: 0 | O4: =IF(OR(F4="",I4=""),"",IFERROR(IF(VLOOKUP(E4,'ALIM AYARLARI'!$A$4:$D$20,2,FALSE)="EVET",F4*'GİDER AYARLARI'!$B$8*I4/30,0),0)) -> 0 | P4: =IF(F4="","",SUM(J4:O4)) -> 5800 | Q4: =IF(F4="","",F4+P4) -> 1205800 | R4: Mustafa Yunus Dibek | S4: FİNASMAN KURULUŞU | T4: 1290000 | U4: =IF(OR(F4="",T4=""),"",T4-F4) -> 90000 | V4: =IF(T4="","",T4-Q4) -> 84200 | W4: =IFERROR(V4/T4,"") -> 0.065271318 | X4: =IF(F4="","",IF(H4="","STOKTA","SATILDI")) -> SATILDI | Y4: ONUR İPEK | Z4: 0 | AA4: 0 | AB4: 0 | AC4: 0 | AD4: =IF(T4="","",V4+AC4) -> 84200
A5: =ROW()-3 -> 2 | B5: 1.6 E-Tech Techno (Full Hybrid) | C5: 2025 | D5: 33 BBA 692 | E5: TAKAS | F5: 1670000 | G5: 46202 | H5: 46245 | I5: =IF(G5="","",IF(H5="",TODAY()-G5,H5-G5)) -> 43 | J5: =IF(F5="","",'GİDER AYARLARI'!$B$4) -> 2602 | K5: =IF(F5="","",'GİDER AYARLARI'!$B$5) -> 3900 | L5: =IF(F5="","",'GİDER AYARLARI'!$B$6) -> 1900 | M5: =IF(F5="","",'GİDER AYARLARI'!$B$7) -> 2500 | O5: =IF(OR(F5="",I5=""),"",IFERROR(IF(VLOOKUP(E5,'ALIM AYARLARI'!$A$4:$D$20,2,FALSE)="EVET",F5*'GİDER AYARLARI'!$B$8*I5/30,0),0)) -> 83778.333 | P5: =IF(F5="","",SUM(J5:O5)) -> 94680.333 | Q5: =IF(F5="","",F5+P5) -> 1764680.3 | R5: Aladdin Turan | S5: NAKİT | T5: 1740000 | U5: =IF(OR(F5="",T5=""),"",T5-F5) -> 70000 | V5: =IF(T5="","",T5-Q5) -> -24680.333 | W5: =IFERROR(V5/T5,"") -> -0.0141841 | X5: =IF(F5="","",IF(H5="","STOKTA","SATILDI")) -> SATILDI | Y5: HASAN HÜSEYİN SÜRMELİ | Z5: 0 | AA5: 0 | AB5: 0 | AC5: =IF(F5="","",SUM(Z5:AB5)) -> 0 | AD5: =IF(T5="","",V5+AC5) -> -24680.333
A6: =ROW()-3 -> 3 | B6: Clio 1.0 TCE Evolution X-Tronic | C6: 2025 | D6: 34NER488 | E6: İHALE | F6: 1230000 | G6: 46240 | H6: 46245 | I6: =IF(G6="","",IF(H6="",TODAY()-G6,H6-G6)) -> 5 | J6: =IF(F6="","",'GİDER AYARLARI'!$B$4) -> 2602 | K6: =IF(F6="","",'GİDER AYARLARI'!$B$5) -> 3900 | L6: =IF(F6="","",'GİDER AYARLARI'!$B$6) -> 1900 | M6: =IF(F6="","",'GİDER AYARLARI'!$B$7) -> 2500 | N6: 900 | O6: =IF(OR(F6="",I6=""),"",IFERROR(IF(VLOOKUP(E6,'ALIM AYARLARI'!$A$4:$D$20,2,FALSE)="EVET",F6*'GİDER AYARLARI'!$B$8*I6/30,0),0)) -> 7175 | P6: =IF(F6="","",SUM(J6:O6)) -> 18977 | Q6: =IF(F6="","",F6+P6) -> 1248977 | R6: Sezer Çelik | S6: NAKİT | T6: 1270000 | U6: =IF(OR(F6="",T6=""),"",T6-F6) -> 40000 | V6: =IF(T6="","",T6-Q6) -> 21023 | W6: =IFERROR(V6/T6,"") -> 0.016553543 | X6: =IF(F6="","",IF(H6="","STOKTA","SATILDI")) -> SATILDI | Y6: ONUR İPEK | Z6: 0 | AA6: 0 | AB6: 0 | AC6: 0 | AD6: =IF(T6="","",V6+AC6) -> 21023
A7: =ROW()-3 -> 4 | B7: Duster 1.0 Eco-G Evolution | C7: 2025 | D7: 33BAS278 | E7: ŞİRKET ARACI | F7: 1300000 | G7: 46240 | H7: 46240 | I7: =IF(G7="","",IF(H7="",TODAY()-G7,H7-G7)) -> 0 | J7: 0 | K7: =IF(F7="","",'GİDER AYARLARI'!$B$5) -> 3900 | L7: =IF(F7="","",'GİDER AYARLARI'!$B$6) -> 1900 | M7: 0 | O7: =IF(OR(F7="",I7=""),"",IFERROR(IF(VLOOKUP(E7,'ALIM AYARLARI'!$A$4:$D$20,2,FALSE)="EVET",F7*'GİDER AYARLARI'!$B$8*I7/30,0),0)) -> 0 | P7: =IF(F7="","",SUM(J7:O7)) -> 5800 | Q7: =IF(F7="","",F7+P7) -> 1305800 | R7: ORHAN AYDIN | S7: FİNASMAN KURULUŞU | T7: 1395000 | U7: =IF(OR(F7="",T7=""),"",T7-F7) -> 95000 | V7: =IF(T7="","",T7-Q7) -> 89200 | W7: =IFERROR(V7/T7,"") -> 0.063942652 | X7: =IF(F7="","",IF(H7="","STOKTA","SATILDI")) -> SATILDI | Y7: ONUR İPEK | AC7: =IF(F7="","",SUM(Z7:AB7)) -> 0 | AD7: =IF(T7="","",V7+AC7) -> 89200
A8: =ROW()-3 -> 5 | B8: CAPTUR | C8: 2022 | D8: 33ALZ706 | E8: TAKAS | F8: 1340000 | G8: 46196 | H8: 46240 | I8: =IF(G8="","",IF(H8="",TODAY()-G8,H8-G8)) -> 44 | J8: =IF(F8="","",'GİDER AYARLARI'!$B$4) -> 2602 | K8: =IF(F8="","",'GİDER AYARLARI'!$B$5) -> 3900 | L8: =IF(F8="","",'GİDER AYARLARI'!$B$6) -> 1900 | M8: =IF(F8="","",'GİDER AYARLARI'!$B$7) -> 2500 | N8: 8500 | O8: =IF(OR(F8="",I8=""),"",IFERROR(IF(VLOOKUP(E8,'ALIM AYARLARI'!$A$4:$D$20,2,FALSE)="EVET",F8*'GİDER AYARLARI'!$B$8*I8/30,0),0)) -> 68786.667 | P8: =IF(F8="","",SUM(J8:O8)) -> 88188.667 | Q8: =IF(F8="","",F8+P8) -> 1428188.7 | R8: Selçuk Özkoç | S8: NAKİT | T8: 1375000 | U8: =IF(OR(F8="",T8=""),"",T8-F8) -> 35000 | V8: =IF(T8="","",T8-Q8) -> -53188.667 | W8: =IFERROR(V8/T8,"") -> -0.038682667 | X8: =IF(F8="","",IF(H8="","STOKTA","SATILDI")) -> SATILDI | Y8: ONUR İPEK | AC8: =IF(F8="","",SUM(Z8:AB8)) -> 0 | AD8: =IF(T8="","",V8+AC8) -> -53188.667
A9: =ROW()-3 -> 6 | B9: Clio 1.0 TCE Evolution X-Tronic | C9: 2025 | D9: 33BEC675 | E9: ŞİRKET ARACI | F9: 1200000 | G9: 46251 | H9: 46251 | I9: =IF(G9="","",IF(H9="",TODAY()-G9,H9-G9)) -> 0 | J9: 0 | K9: =IF(F9="","",'GİDER AYARLARI'!$B$5) -> 3900 | L9: =IF(F9="","",'GİDER AYARLARI'!$B$6) -> 1900 | M9: 0 | O9: =IF(OR(F9="",I9=""),"",IFERROR(IF(VLOOKUP(E9,'ALIM AYARLARI'!$A$4:$D$20,2,FALSE)="EVET",F9*'GİDER AYARLARI'!$B$8*I9/30,0),0)) -> 0 | P9: =IF(F9="","",SUM(J9:O9)) -> 5800 | Q9: =IF(F9="","",F9+P9) -> 1205800 | R9: Meryem YÜKSEL AYTEKİN | S9: FİNASMAN KURULUŞU | T9: 1275000 | U9: =IF(OR(F9="",T9=""),"",T9-F9) -> 75000 | V9: =IF(T9="","",T9-Q9) -> 69200 | W9: =IFERROR(V9/T9,"") -> 0.05427451 | X9: =IF(F9="","",IF(H9="","STOKTA","SATILDI")) -> SATILDI | Y9: ONUR İPEK | AC9: =IF(F9="","",SUM(Z9:AB9)) -> 0 | AD9: =IF(T9="","",V9+AC9) -> 69200
A10: =ROW()-3 -> 7 | I10: =IF(G10="","",IF(H10="",TODAY()-G10,H10-G10)) | J10: =IF(F10="","",'GİDER AYARLARI'!$B$4) | K10: =IF(F10="","",'GİDER AYARLARI'!$B$5) | L10: =IF(F10="","",'GİDER AYARLARI'!$B$6) | M10: =IF(F10="","",'GİDER AYARLARI'!$B$7) | O10: =IF(OR(F10="",I10=""),"",IFERROR(IF(VLOOKUP(E10,'ALIM AYARLARI'!$A$4:$D$20,2,FALSE)="EVET",F10*'GİDER AYARLARI'!$B$8*I10/30,0),0)) | P10: =IF(F10="","",SUM(J10:O10)) | Q10: =IF(F10="","",F10+P10) | U10: =IF(OR(F10="",T10=""),"",T10-F10) | V10: =IF(T10="","",T10-Q10) | W10: =IFERROR(V10/T10,"") | X10: =IF(F10="","",IF(H10="","STOKTA","SATILDI")) | AC10: =IF(F10="","",SUM(Z10:AB10)) | AD10: =IF(T10="","",V10+AC10)
A11: =ROW()-3 -> 8 | I11: =IF(G11="","",IF(H11="",TODAY()-G11,H11-G11)) | J11: =IF(F11="","",'GİDER AYARLARI'!$B$4) | K11: =IF(F11="","",'GİDER AYARLARI'!$B$5) | L11: =IF(F11="","",'GİDER AYARLARI'!$B$6) | M11: =IF(F11="","",'GİDER AYARLARI'!$B$7) | O11: =IF(OR(F11="",I11=""),"",IFERROR(IF(VLOOKUP(E11,'ALIM AYARLARI'!$A$4:$D$20,2,FALSE)="EVET",F11*'GİDER AYARLARI'!$B$8*I11/30,0),0)) | P11: =IF(F11="","",SUM(J11:O11)) | Q11: =IF(F11="","",F11+P11) | U11: =IF(OR(F11="",T11=""),"",T11-F11) | V11: =IF(T11="","",T11-Q11) | W11: =IFERROR(V11/T11,"") | X11: =IF(F11="","",IF(H11="","STOKTA","SATILDI")) | AC11: =IF(F11="","",SUM(Z11:AB11)) | AD11: =IF(T11="","",V11+AC11)
A12: =ROW()-3 -> 9 | I12: =IF(G12="","",IF(H12="",TODAY()-G12,H12-G12)) | J12: =IF(F12="","",'GİDER AYARLARI'!$B$4) | K12: =IF(F12="","",'GİDER AYARLARI'!$B$5) | L12: =IF(F12="","",'GİDER AYARLARI'!$B$6) | M12: =IF(F12="","",'GİDER AYARLARI'!$B$7) | O12: =IF(OR(F12="",I12=""),"",IFERROR(IF(VLOOKUP(E12,'ALIM AYARLARI'!$A$4:$D$20,2,FALSE)="EVET",F12*'GİDER AYARLARI'!$B$8*I12/30,0),0)) | P12: =IF(F12="","",SUM(J12:O12)) | Q12: =IF(F12="","",F12+P12) | U12: =IF(OR(F12="",T12=""),"",T12-F12) | V12: =IF(T12="","",T12-Q12) | W12: =IFERROR(V12/T12,"") | X12: =IF(F12="","",IF(H12="","STOKTA","SATILDI")) | AC12: =IF(F12="","",SUM(Z12:AB12)) | AD12: =IF(T12="","",V12+AC12)
A13: =ROW()-3 -> 10 | I13: =IF(G13="","",IF(H13="",TODAY()-G13,H13-G13)) | J13: =IF(F13="","",'GİDER AYARLARI'!$B$4) | K13: =IF(F13="","",'GİDER AYARLARI'!$B$5) | L13: =IF(F13="","",'GİDER AYARLARI'!$B$6) | M13: =IF(F13="","",'GİDER AYARLARI'!$B$7) | O13: =IF(OR(F13="",I13=""),"",IFERROR(IF(VLOOKUP(E13,'ALIM AYARLARI'!$A$4:$D$20,2,FALSE)="EVET",F13*'GİDER AYARLARI'!$B$8*I13/30,0),0)) | P13: =IF(F13="","",SUM(J13:O13)) | Q13: =IF(F13="","",F13+P13) | U13: =IF(OR(F13="",T13=""),"",T13-F13) | V13: =IF(T13="","",T13-Q13) | W13: =IFERROR(V13/T13,"") | X13: =IF(F13="","",IF(H13="","STOKTA","SATILDI")) | AC13: =IF(F13="","",SUM(Z13:AB13)) | AD13: =IF(T13="","",V13+AC13)
A14: =ROW()-3 -> 11 | I14: =IF(G14="","",IF(H14="",TODAY()-G14,H14-G14)) | J14: =IF(F14="","",'GİDER AYARLARI'!$B$4) | K14: =IF(F14="","",'GİDER AYARLARI'!$B$5) | L14: =IF(F14="","",'GİDER AYARLARI'!$B$6) | M14: =IF(F14="","",'GİDER AYARLARI'!$B$7) | O14: =IF(OR(F14="",I14=""),"",IFERROR(IF(VLOOKUP(E14,'ALIM AYARLARI'!$A$4:$D$20,2,FALSE)="EVET",F14*'GİDER AYARLARI'!$B$8*I14/30,0),0)) | P14: =IF(F14="","",SUM(J14:O14)) | Q14: =IF(F14="","",F14+P14) | U14: =IF(OR(F14="",T14=""),"",T14-F14) | V14: =IF(T14="","",T14-Q14) | W14: =IFERROR(V14/T14,"") | X14: =IF(F14="","",IF(H14="","STOKTA","SATILDI")) | AC14: =IF(F14="","",SUM(Z14:AB14)) | AD14: =IF(T14="","",V14+AC14)
A15: =ROW()-3 -> 12 | I15: =IF(G15="","",IF(H15="",TODAY()-G15,H15-G15)) | J15: =IF(F15="","",'GİDER AYARLARI'!$B$4) | K15: =IF(F15="","",'GİDER AYARLARI'!$B$5) | L15: =IF(F15="","",'GİDER AYARLARI'!$B$6) | M15: =IF(F15="","",'GİDER AYARLARI'!$B$7) | O15: =IF(OR(F15="",I15=""),"",IFERROR(IF(VLOOKUP(E15,'ALIM AYARLARI'!$A$4:$D$20,2,FALSE)="EVET",F15*'GİDER AYARLARI'!$B$8*I15/30,0),0)) | P15: =IF(F15="","",SUM(J15:O15)) | Q15: =IF(F15="","",F15+P15) | U15: =IF(OR(F15="",T15=""),"",T15-F15) | V15: =IF(T15="","",T15-Q15) | W15: =IFERROR(V15/T15,"") | X15: =IF(F15="","",IF(H15="","STOKTA","SATILDI")) | AC15: =IF(F15="","",SUM(Z15:AB15)) | AD15: =IF(T15="","",V15+AC15)
A16: =ROW()-3 -> 13 | I16: =IF(G16="","",IF(H16="",TODAY()-G16,H16-G16)) | J16: =IF(F16="","",'GİDER AYARLARI'!$B$4) | K16: =IF(F16="","",'GİDER AYARLARI'!$B$5) | L16: =IF(F16="","",'GİDER AYARLARI'!$B$6) | M16: =IF(F16="","",'GİDER AYARLARI'!$B$7) | O16: =IF(OR(F16="",I16=""),"",IFERROR(IF(VLOOKUP(E16,'ALIM AYARLARI'!$A$4:$D$20,2,FALSE)="EVET",F16*'GİDER AYARLARI'!$B$8*I16/30,0),0)) | P16: =IF(F16="","",SUM(J16:O16)) | Q16: =IF(F16="","",F16+P16) | U16: =IF(OR(F16="",T16=""),"",T16-F16) | V16: =IF(T16="","",T16-Q16) | W16: =IFERROR(V16/T16,"") | X16: =IF(F16="","",IF(H16="","STOKTA","SATILDI")) | AC16: =IF(F16="","",SUM(Z16:AB16)) | AD16: =IF(T16="","",V16+AC16)
A17: =ROW()-3 -> 14 | I17: =IF(G17="","",IF(H17="",TODAY()-G17,H17-G17)) | J17: =IF(F17="","",'GİDER AYARLARI'!$B$4) | K17: =IF(F17="","",'GİDER AYARLARI'!$B$5) | L17: =IF(F17="","",'GİDER AYARLARI'!$B$6) | M17: =IF(F17="","",'GİDER AYARLARI'!$B$7) | O17: =IF(OR(F17="",I17=""),"",IFERROR(IF(VLOOKUP(E17,'ALIM AYARLARI'!$A$4:$D$20,2,FALSE)="EVET",F17*'GİDER AYARLARI'!$B$8*I17/30,0),0)) | P17: =IF(F17="","",SUM(J17:O17)) | Q17: =IF(F17="","",F17+P17) | U17: =IF(OR(F17="",T17=""),"",T17-F17) | V17: =IF(T17="","",T17-Q17) | W17: =IFERROR(V17/T17,"") | X17: =IF(F17="","",IF(H17="","STOKTA","SATILDI")) | AC17: =IF(F17="","",SUM(Z17:AB17)) | AD17: =IF(T17="","",V17+AC17)
A18: =ROW()-3 -> 15 | I18: =IF(G18="","",IF(H18="",TODAY()-G18,H18-G18)) | J18: =IF(F18="","",'GİDER AYARLARI'!$B$4) | K18: =IF(F18="","",'GİDER AYARLARI'!$B$5) | L18: =IF(F18="","",'GİDER AYARLARI'!$B$6) | M18: =IF(F18="","",'GİDER AYARLARI'!$B$7) | O18: =IF(OR(F18="",I18=""),"",IFERROR(IF(VLOOKUP(E18,'ALIM AYARLARI'!$A$4:$D$20,2,FALSE)="EVET",F18*'GİDER AYARLARI'!$B$8*I18/30,0),0)) | P18: =IF(F18="","",SUM(J18:O18)) | Q18: =IF(F18="","",F18+P18) | U18: =IF(OR(F18="",T18=""),"",T18-F18) | V18: =IF(T18="","",T18-Q18) | W18: =IFERROR(V18/T18,"") | X18: =IF(F18="","",IF(H18="","STOKTA","SATILDI")) | AC18: =IF(F18="","",SUM(Z18:AB18)) | AD18: =IF(T18="","",V18+AC18)
A19: =ROW()-3 -> 16 | I19: =IF(G19="","",IF(H19="",TODAY()-G19,H19-G19)) | J19: =IF(F19="","",'GİDER AYARLARI'!$B$4) | K19: =IF(F19="","",'GİDER AYARLARI'!$B$5) | L19: =IF(F19="","",'GİDER AYARLARI'!$B$6) | M19: =IF(F19="","",'GİDER AYARLARI'!$B$7) | O19: =IF(OR(F19="",I19=""),"",IFERROR(IF(VLOOKUP(E19,'ALIM AYARLARI'!$A$4:$D$20,2,FALSE)="EVET",F19*'GİDER AYARLARI'!$B$8*I19/30,0),0)) | P19: =IF(F19="","",SUM(J19:O19)) | Q19: =IF(F19="","",F19+P19) | U19: =IF(OR(F19="",T19=""),"",T19-F19) | V19: =IF(T19="","",T19-Q19) | W19: =IFERROR(V19/T19,"") | X19: =IF(F19="","",IF(H19="","STOKTA","SATILDI")) | AC19: =IF(F19="","",SUM(Z19:AB19)) | AD19: =IF(T19="","",V19+AC19)
A20: =ROW()-3 -> 17 | I20: =IF(G20="","",IF(H20="",TODAY()-G20,H20-G20)) | J20: =IF(F20="","",'GİDER AYARLARI'!$B$4) | K20: =IF(F20="","",'GİDER AYARLARI'!$B$5) | L20: =IF(F20="","",'GİDER AYARLARI'!$B$6) | M20: =IF(F20="","",'GİDER AYARLARI'!$B$7) | O20: =IF(OR(F20="",I20=""),"",IFERROR(IF(VLOOKUP(E20,'ALIM AYARLARI'!$A$4:$D$20,2,FALSE)="EVET",F20*'GİDER AYARLARI'!$B$8*I20/30,0),0)) | P20: =IF(F20="","",SUM(J20:O20)) | Q20: =IF(F20="","",F20+P20) | U20: =IF(OR(F20="",T20=""),"",T20-F20) | V20: =IF(T20="","",T20-Q20) | W20: =IFERROR(V20/T20,"") | X20: =IF(F20="","",IF(H20="","STOKTA","SATILDI")) | AC20: =IF(F20="","",SUM(Z20:AB20)) | AD20: =IF(T20="","",V20+AC20)
A21: =ROW()-3 -> 18 | I21: =IF(G21="","",IF(H21="",TODAY()-G21,H21-G21)) | J21: =IF(F21="","",'GİDER AYARLARI'!$B$4) | K21: =IF(F21="","",'GİDER AYARLARI'!$B$5) | L21: =IF(F21="","",'GİDER AYARLARI'!$B$6) | M21: =IF(F21="","",'GİDER AYARLARI'!$B$7) | O21: =IF(OR(F21="",I21=""),"",IFERROR(IF(VLOOKUP(E21,'ALIM AYARLARI'!$A$4:$D$20,2,FALSE)="EVET",F21*'GİDER AYARLARI'!$B$8*I21/30,0),0)) | P21: =IF(F21="","",SUM(J21:O21)) | Q21: =IF(F21="","",F21+P21) | U21: =IF(OR(F21="",T21=""),"",T21-F21) | V21: =IF(T21="","",T21-Q21) | W21: =IFERROR(V21/T21,"") | X21: =IF(F21="","",IF(H21="","STOKTA","SATILDI")) | AC21: =IF(F21="","",SUM(Z21:AB21)) | AD21: =IF(T21="","",V21+AC21)
... A303: =ROW()-3 -> 300 | I303: =IF(G303="","",IF(H303="",TODAY()-G303,H303-G303)) | J303: =IF(F303="","",'GİDER AYARLARI'!$B$4) | K303: =IF(F303="","",'GİDER AYARLARI'!$B$5) | L303: =IF(F303="","",'GİDER AYARLARI'!$B$6) | M303: =IF(F303="","",'GİDER AYARLARI'!$B$7) | O303: =IF(OR(F303="",I303=""),"",IFERROR(IF(VLOOKUP(E303,'ALIM AYARLARI'!$A$4:$D$20,2,FALSE)="EVET",F303*'GİDER AYARLARI'!$B$8*I303/30,0),0)) | P303: =IF(F303="","",SUM(J303:O303)) | Q303: =IF(F303="","",F303+P303) | U303: =IF(OR(F303="",T303=""),"",T303-F303) | V303: =IF(T303="","",T303-Q303) | W303: =IFERROR(V303/T303,"") | X303: =IF(F303="","",IF(H303="","STOKTA","SATILDI")) | AC303: =IF(F303="","",SUM(Z303:AB303)) | AD303: =IF(T303="","",V303+AC303)

Sheet EXPERTİZ TAKİP
A1: DANIŞMAN BAZLI EXPERTİZ & ALIMA DÖNÜŞÜM TAKİBİ
A3: DANIŞMAN | B3: YAPILAN EXPERTİZ | C3: ALIMA DÖNÜŞEN | D3: ALIM ORANI | E3: TOPLAM EXPERTİZ MALİYETİ | F3: ALIM BAŞI EXPERTİZ MALİYETİ
A4: EMRE URBAYAR | B4: 0 | C4: 0 | D4: =IFERROR(C4/B4,0) -> 0 | E4: =B4*'GİDER AYARLARI'!$B$5 -> 0 | F4: =IFERROR(E4/C4,0) -> 0
A5: MUSTAFA BALKAN | B5: 1 | C5: 0 | D5: =IFERROR(C5/B5,0) -> 0 | E5: =B5*'GİDER AYARLARI'!$B$5 -> 3900 | F5: =IFERROR(E5/C5,0) -> 0
A6: MUSTAFA TEKİN | B6: 0 | C6: 0 | D6: =IFERROR(C6/B6,0) -> 0 | E6: =B6*'GİDER AYARLARI'!$B$5 -> 0 | F6: =IFERROR(E6/C6,0) -> 0
A7: GÖKMEN GENÇCELEP | B7: 0 | C7: 0 | D7: =IFERROR(C7/B7,0) -> 0 | E7: =B7*'GİDER AYARLARI'!$B$5 -> 0 | F7: =IFERROR(E7/C7,0) -> 0
A8: ÇAĞRI ÇİDEM | B8: 3 | C8: 0 | D8: =IFERROR(C8/B8,0) -> 0 | E8: =B8*'GİDER AYARLARI'!$B$5 -> 11700 | F8: =IFERROR(E8/C8,0) -> 0
A9: HASAN SÜRMELİ | B9: 0 | C9: 0 | D9: =IFERROR(C9/B9,0) -> 0 | E9: =B9*'GİDER AYARLARI'!$B$5 -> 0 | F9: =IFERROR(E9/C9,0) -> 0
A10: ONUR İPEK | B10: 1 | C10: 0 | D10: =IFERROR(C10/B10,0) -> 0 | E10: =B10*'GİDER AYARLARI'!$B$5 -> 3900 | F10: =IFERROR(E10/C10,0) -> 0
A11: SEVDA GENÇ | B11: 0 | C11: 0 | D11: =IFERROR(C11/B11,0) -> 0 | E11: =B11*'GİDER AYARLARI'!$B$5 -> 0 | F11: =IFERROR(E11/C11,0) -> 0
A12: HATİCE DOĞAN | B12: 1 | C12: 0 | D12: =IFERROR(C12/B12,0) -> 0 | E12: =B12*'GİDER AYARLARI'!$B$5 -> 3900 | F12: =IFERROR(E12/C12,0) -> 0
A13: MÜGE KENARLI | B13: 0 | C13: 0 | D13: =IFERROR(C13/B13,0) -> 0 | E13: =B13*'GİDER AYARLARI'!$B$5 -> 0 | F13: =IFERROR(E13/C13,0) -> 0
A15: TOPLAM / ORTALAMA | B15: =SUM(B4:B13) -> 6 | C15: =SUM(C4:C13) -> 0 | D15: =IFERROR(C15/B15,0) -> 0 | E15: =SUM(E4:E13) -> 23400 | F15: =IFERROR(E15/C15,0) -> 0
A18: GENEL EXPERTİZ PERFORMANS ÖZETİ
A20: TOPLAM EXPERTİZ | B20: TOPLAM ALIM | C20: ALIMA DÖNÜŞÜM | D20: EXPERTİZ MALİYETİ
A21: =B15 -> 6 | B21: =C15 -> 0 | C21: =D15 -> 0 | D21: =E15 -> 23400

Sheet DANIŞMAN PERFORMANS
A1: DANIŞMAN SATIŞ & KARLILIK PERFORMANSI
A3: DANIŞMAN | B3: SATIŞ ADEDİ | C3: TOPLAM CİRO | D3: NET KAR | E3: EK GELİR | F3: PERFORMANS NET KARI | G3: ORT. NET KAR | H3: NET KARLILIK | I3: ORT. SKS GÜN | J3: SİGORTA-KASKO ADET | K3: SİGORTA-KASKO ORANI | L3: KREDİ ADET | M3: KREDİ ORANI | N3: UZ. GARANTİ ORANI | O3: HEDEF SATIŞ | P3: HEDEF NET KAR | Q3: HEDEF GERÇEKLEŞME
A4: ONUR İPEK | B4: =COUNTIFS('ARAÇ VERİ GİRİŞİ'!$Y$4:$Y$303,$A4,'ARAÇ VERİ GİRİŞİ'!$X$4:$X$303,"SATILDI") -> 5 | C4: =SUMIFS('ARAÇ VERİ GİRİŞİ'!$T$4:$T$303,'ARAÇ VERİ GİRİŞİ'!$Y$4:$Y$303,$A4) -> 6605000 | D4: =SUMIFS('ARAÇ VERİ GİRİŞİ'!$V$4:$V$303,'ARAÇ VERİ GİRİŞİ'!$Y$4:$Y$303,$A4) -> 210434.33 | E4: =SUMIFS('ARAÇ VERİ GİRİŞİ'!$AC$4:$AC$303,'ARAÇ VERİ GİRİŞİ'!$Y$4:$Y$303,$A4) -> 0 | F4: =SUMIFS('ARAÇ VERİ GİRİŞİ'!$AD$4:$AD$303,'ARAÇ VERİ GİRİŞİ'!$Y$4:$Y$303,$A4) -> 210434.33 | G4: =IFERROR(F4/B4,0) -> 42086.867 | H4: =IFERROR(F4/C4,0) -> 0.031859854 | I4: =IFERROR(SUMIFS('ARAÇ VERİ GİRİŞİ'!$I$4:$I$303,'ARAÇ VERİ GİRİŞİ'!$Y$4:$Y$303,$A4,'ARAÇ VERİ GİRİŞİ'!$X$4:$X$303,"SATILDI")/B4,0) -> 9.8 | J4: =COUNTIFS('ARAÇ VERİ GİRİŞİ'!$Y$4:$Y$303,$A4,'ARAÇ VERİ GİRİŞİ'!$Z$4:$Z$303,">0") -> 0 | K4: =IFERROR(J4/B4,0) -> 0 | L4: =COUNTIFS('ARAÇ VERİ GİRİŞİ'!$Y$4:$Y$303,$A4,'ARAÇ VERİ GİRİŞİ'!$AA$4:$AA$303,">0") -> 0 | M4: =IFERROR(L4/B4,0) -> 0 | N4: =IFERROR(COUNTIFS('ARAÇ VERİ GİRİŞİ'!$Y$4:$Y$303,$A4,'ARAÇ VERİ GİRİŞİ'!$AB$4:$AB$303,">0")/B4,0) -> 0 | O4: ='DANIŞMAN AYARLARI'!C4 -> 0 | P4: ='DANIŞMAN AYARLARI'!D4 -> 0 | Q4: =IFERROR(F4/P4,0) -> 0
A5: HASAN HÜSEYİN SÜRMELİ | B5: =COUNTIFS('ARAÇ VERİ GİRİŞİ'!$Y$4:$Y$303,$A5,'ARAÇ VERİ GİRİŞİ'!$X$4:$X$303,"SATILDI") -> 1 | C5: =SUMIFS('ARAÇ VERİ GİRİŞİ'!$T$4:$T$303,'ARAÇ VERİ GİRİŞİ'!$Y$4:$Y$303,$A5) -> 1740000 | D5: =SUMIFS('ARAÇ VERİ GİRİŞİ'!$V$4:$V$303,'ARAÇ VERİ GİRİŞİ'!$Y$4:$Y$303,$A5) -> -24680.333 | E5: =SUMIFS('ARAÇ VERİ GİRİŞİ'!$AC$4:$AC$303,'ARAÇ VERİ GİRİŞİ'!$Y$4:$Y$303,$A5) -> 0 | F5: =SUMIFS('ARAÇ VERİ GİRİŞİ'!$AD$4:$AD$303,'ARAÇ VERİ GİRİŞİ'!$Y$4:$Y$303,$A5) -> -24680.333 | G5: =IFERROR(F5/B5,0) -> -24680.333 | H5: =IFERROR(F5/C5,0) -> -0.0141841 | I5: =IFERROR(SUMIFS('ARAÇ VERİ GİRİŞİ'!$I$4:$I$303,'ARAÇ VERİ GİRİŞİ'!$Y$4:$Y$303,$A5,'ARAÇ VERİ GİRİŞİ'!$X$4:$X$303,"SATILDI")/B5,0) -> 43 | J5: =COUNTIFS('ARAÇ VERİ GİRİŞİ'!$Y$4:$Y$303,$A5,'ARAÇ VERİ GİRİŞİ'!$Z$4:$Z$303,">0") -> 0 | K5: =IFERROR(J5/B5,0) -> 0 | L5: =COUNTIFS('ARAÇ VERİ GİRİŞİ'!$Y$4:$Y$303,$A5,'ARAÇ VERİ GİRİŞİ'!$AA$4:$AA$303,">0") -> 0 | M5: =IFERROR(L5/B5,0) -> 0 | N5: =IFERROR(COUNTIFS('ARAÇ VERİ GİRİŞİ'!$Y$4:$Y$303,$A5,'ARAÇ VERİ GİRİŞİ'!$AB$4:$AB$303,">0")/B5,0) -> 0 | O5: ='DANIŞMAN AYARLARI'!C5 -> 0 | P5: ='DANIŞMAN AYARLARI'!D5 -> 0 | Q5: =IFERROR(F5/P5,0) -> 0
A7: TOPLAM | B7: =SUM(B4:B5) -> 6 | C7: =SUM(C4:C5) -> 8345000 | D7: =SUM(D4:D5) -> 185754 | E7: =SUM(E4:E5) -> 0 | F7: =SUM(F4:F5) -> 185754 | G7: =IFERROR(F7/B7,0) -> 30959 | H7: =IFERROR(F7/C7,0) -> 0.022259317 | I7: =IFERROR(SUMPRODUCT(B4:B5,I4:I5)/B7,0) -> 15.333333 | J7: =SUM(J4:J5) -> 0 | K7: =IFERROR(J7/B7,0) -> 0 | L7: =SUM(L4:L5) -> 0 | M7: =IFERROR(L7/B7,0) -> 0 | N7: =IFERROR(SUMPRODUCT(B4:B5,N4:N5)/B7,0) -> 0 | O7: =SUM(O4:O5) -> 0 | P7: =SUM(P4:P5) -> 0 | Q7: =IFERROR(F7/P7,0) -> 0

Sheet DASHBOARD
A1: RENEW PERFORMANS DASHBOARD
A3: GENEL KPI | B3: DEĞER | D3: ALIM DAĞILIMI | E3: ADET | G3: SATIŞ DAĞILIMI | H3: ADET | J3: EXPERTİZ KPI | K3: DEĞER
A4: Toplam Araç Alımı | B4: =COUNTIF('ARAÇ VERİ GİRİŞİ'!$F$4:$F$303,">0") -> 6 | D4: NAKİT | E4: =COUNTIF('ARAÇ VERİ GİRİŞİ'!$E$4:$E$303,D4) -> 0 | G4: NAKİT | H4: =COUNTIF('ARAÇ VERİ GİRİŞİ'!$S$4:$S$303,G4) -> 3 | J4: Yapılan Expertiz | K4: ='EXPERTİZ TAKİP'!B15 -> 6
A5: Stoktaki Araç | B5: =COUNTIF('ARAÇ VERİ GİRİŞİ'!$X$4:$X$303,"STOKTA") -> 0 | D5: TAKAS | E5: =COUNTIF('ARAÇ VERİ GİRİŞİ'!$E$4:$E$303,D5) -> 2 | G5: TAKAS | H5: =COUNTIF('ARAÇ VERİ GİRİŞİ'!$S$4:$S$303,G5) -> 0 | J5: Alıma Dönüşen | K5: ='EXPERTİZ TAKİP'!C15 -> 0
A6: Satılan Araç | B6: =COUNTIF('ARAÇ VERİ GİRİŞİ'!$X$4:$X$303,"SATILDI") -> 6 | D6: İHALE | E6: =COUNTIF('ARAÇ VERİ GİRİŞİ'!$E$4:$E$303,D6) -> 1 | G6: KREDİ KARTI | H6: =COUNTIF('ARAÇ VERİ GİRİŞİ'!$S$4:$S$303,G6) -> 0 | J6: Alım Oranı | K6: ='EXPERTİZ TAKİP'!D15 -> 0
A7: Toplam Satış Cirosu | B7: =SUM('ARAÇ VERİ GİRİŞİ'!$T$4:$T$303) -> 8345000 | D7: ŞİRKET ARACI | E7: =COUNTIF('ARAÇ VERİ GİRİŞİ'!$E$4:$E$303,D7) -> 3 | G7: KREDİ / FİNANSMAN | H7: =COUNTIF('ARAÇ VERİ GİRİŞİ'!$S$4:$S$303,G7) -> 0 | J7: Expertiz Maliyeti | K7: ='EXPERTİZ TAKİP'!E15 -> 23400
A8: Toplam Net Kâr | B8: =SUM('ARAÇ VERİ GİRİŞİ'!$V$4:$V$303) -> 185754
A9: Toplam Ek Gelir | B9: =SUM('ARAÇ VERİ GİRİŞİ'!$AC$4:$AC$303) -> 0
A10: Performans Net Kârı | B10: =SUM('ARAÇ VERİ GİRİŞİ'!$AD$4:$AD$303) -> 185754 | D10: DANIŞMAN | E10: SATIŞ | F10: CİRO | G10: NET KAR | H10: KARLILIK
A11: Genel Net Kârlılık | B11: =IFERROR(B10/B7,0) -> 0.022259317 | D11: ONUR İPEK | E11: ='DANIŞMAN PERFORMANS'!B4 -> 5 | F11: ='DANIŞMAN PERFORMANS'!C4 -> 6605000 | G11: ='DANIŞMAN PERFORMANS'!F4 -> 210434.33 | H11: ='DANIŞMAN PERFORMANS'!H4 -> 0.031859854
A12: Ortalama SKS Gün | B12: =IFERROR(AVERAGEIF('ARAÇ VERİ GİRİŞİ'!$I$4:$I$303,">0"),0) -> 30.666667 | D12: HASAN HÜSEYİN SÜRMELİ | E12: ='DANIŞMAN PERFORMANS'!B5 -> 1 | F12: ='DANIŞMAN PERFORMANS'!C5 -> 1740000 | G12: ='DANIŞMAN PERFORMANS'!F5 -> -24680.333 | H12: ='DANIŞMAN PERFORMANS'!H5 -> -0.0141841
A13: Toplam SKS Finansman Gideri | B13: =SUM('ARAÇ VERİ GİRİŞİ'!$O$4:$O$303) -> 159740

Sheet GİDER AYARLARI
A1: GİDER & SKS AYARLARI
A3: GİDER KALEMİ | B3: TUTAR / ORAN | C3: UYGULAMA | D3: AÇIKLAMA
A4: Noter Masrafı | B4: 2602 | C4: TÜM ALIMLAR | D4: Araç alımında otomatik eklenir
A5: Ekspertiz Masrafı | B5: 3900 | C5: TÜM ALIMLAR | D5: Araç alımında otomatik eklenir
A6: 150 Nokta Kontrol | B6: 1900 | C6: TÜM ALIMLAR | D6: Araç alımında otomatik eklenir
A7: Sigorta Gideri | B7: 2500 | C7: TÜM ALIMLAR | D7: Araç alımında otomatik eklenir
A8: SKS Aylık Finansman Oranı | B8: 0.035 | C8: NAKİT / TAKAS / İHALE | D8: Alış bedeli × oran × gün / 30
A10: TOPLAM SABİT ALIM GİDERİ | B10: =SUM(B4:B7) -> 10902
A11: SKS FORMÜLÜ | B11: Alış Bedeli × SKS Oranı × (SKS Gün / 30)

Sheet ALIM AYARLARI
A1: ALIM TÜRÜ AYARLARI
A3: ALIM TÜRÜ | B3: SKS UYGULA | C3: SABİT GİDER UYGULA | D3: AKTİF
A4: NAKİT | B4: EVET | C4: EVET | D4: EVET
A5: TAKAS | B5: EVET | C5: EVET | D5: EVET
A6: İHALE | B6: EVET | C6: EVET | D6: EVET
A7: ŞİRKET ARACI | B7: HAYIR | C7: HAYIR | D7: EVET

Sheet SATIŞ AYARLARI
A1: SATIŞ & EK GELİR AYARLARI
A3: SATIŞ TÜRÜ | B3: AKTİF | D3: EK GELİR TÜRÜ | E3: AKTİF | F3: AÇIKLAMA
A4: NAKİT | B4: EVET | D4: SİGORTA-KASKO | E4: EVET | F4: Satıştan oluşan ek gelir
A5: TAKAS | B5: EVET | D5: KREDİ | E5: EVET | F5: Kredi / finansman ek geliri
A6: KREDİ KARTI | B6: EVET | D6: UZATILMIŞ GARANTİ | E6: EVET | F6: Garanti satışından oluşan ek gelir
A7: KREDİ | B7: EVET
A8: FİNASMAN KURULUŞU | B8: EVET

Sheet DANIŞMAN AYARLARI
A1: DANIŞMAN AYARLARI
A3: DANIŞMAN | B3: AKTİF | C3: HEDEF SATIŞ ADEDİ | D3: HEDEF NET KAR
A4: ONUR İPEK | B4: EVET | C4: 0 | D4: 0
A5: HASAN HÜSEYİN SÜRMELİ | B5: EVET | C5: 0 | D5: 0

Sheet EXTRA STOK BİLGİSİ
A1: EXTRA STOK BİLGİSİ & KARLILIK TAKİBİ
A3: STOK ADEDİ | B3: TOPLAM ALIŞ DEĞERİ (MASRAFLAR DAHİL) | C3: TOPLAM SATIŞ DEĞERİ | D3: TOPLAM SKS FİNANSMAN GİDERİ | E3: ORTALAMA NET KAR | G3: KULLANIM: Sarı hücrelere araç bilgilerini girin. SKS süresi alış tarihinden otomatik hesaplanır. Sabit masraflar ve SKS finansman oranı GİDER AYARLARI sekmesindeki güncel değerleri baz alır.
A4: =COUNTIF(B7:B306,"<>") -> 3 | B4: =SUM(R7:R306) -> 3672039.3 | C4: =SUM(N7:N306) -> 3760000 | D4: =SUM(Q7:Q306) -> 114333.33 | E4: =IFERROR(AVERAGEIF(S7:S306,"<>",S7:S306),0) -> 29320.222
A6: SIRA | B6: PLAKA | C6: MODEL YILI | D6: KM | E6: MARKA | F6: MODEL | G6: VERSİYON | H6: RENK | I6: ALIŞ TARİHİ | J6: SKS SÜRESİ | K6: YAKIT | L6: VİTES | M6: ALIŞ FİYATI | N6: SATIŞ FİYATI | O6: HEDEF KAZANÇ | P6: SABİT MASRAFLAR | Q6: SKS FİNANSMAN GİDERİ | R6: MASRAFLAR DAHİL TOPLAM ALIŞ DEĞERİ | S6: TAHMİNİ NET KAR
A7: 1 | B7: 33 KHR 66 | C7: 2023 | D7: 82000 | E7: DACIA | F7: DUSTER | G7: EXTREM | H7: YEŞİL | I7: 46210 | J7: =IF(I7="","",MAX(0,TODAY()-I7)) -> 41 | K7: BENZİN | L7: OTOMATİK | M7: 1280000 | N7: 1400000 | P7: =IF(M7="","",'GİDER AYARLARI'!$B$10) -> 10902 | Q7: =IF(OR(M7="",J7=""),"",M7*'GİDER AYARLARI'!$B$8*J7/30) -> 61226.667 | R7: =IF(M7="","",M7+P7+Q7) -> 1352128.7 | S7: =IF(OR(N7="",R7=""),"",N7-R7) -> 47871.333
A8: 2 | B8: 33 ADU 175 | C8: 2019 | D8: 98300 | E8: OPEL | F8: COMBO | G8: EXELNCE | H8: BEYAZ | I8: 46238 | J8: =IF(I8="","",MAX(0,TODAY()-I8)) -> 13 | K8: DİZEL | L8: MANUEL | M8: 760000 | N8: 860000 | P8: =IF(M8="","",'GİDER AYARLARI'!$B$10) -> 10902 | Q8: =IF(OR(M8="",J8=""),"",M8*'GİDER AYARLARI'!$B$8*J8/30) -> 11526.667 | R8: =IF(M8="","",M8+P8+Q8) -> 782428.67 | S8: =IF(OR(N8="",R8=""),"",N8-R8) -> 77571.333
A9: 3 | B9: 33 BGF 603 | C9: 2024 | D9: 102800 | E9: RENAULT | F9: DUSTER | G9: TEKNO 1.2 | H9: YEŞİL | I9: 46227 | J9: =IF(I9="","",MAX(0,TODAY()-I9)) -> 24 | K9: BENZİN | L9: MANUEL | M9: 1485000 | N9: 1500000 | P9: =IF(M9="","",'GİDER AYARLARI'!$B$10) -> 10902 | Q9: =IF(OR(M9="",J9=""),"",M9*'GİDER AYARLARI'!$B$8*J9/30) -> 41580 | R9: =IF(M9="","",M9+P9+Q9) -> 1537482 | S9: =IF(OR(N9="",R9=""),"",N9-R9) -> -37482
A10: =IF(B10="","",ROW()-6) | J10: =IF(I10="","",MAX(0,TODAY()-I10)) | P10: =IF(M10="","",'GİDER AYARLARI'!$B$10) | Q10: =IF(OR(M10="",J10=""),"",M10*'GİDER AYARLARI'!$B$8*J10/30) | R10: =IF(M10="","",M10+P10+Q10) | S10: =IF(OR(N10="",R10=""),"",N10-R10)
A11: =IF(B11="","",ROW()-6) | J11: =IF(I11="","",MAX(0,TODAY()-I11)) | P11: =IF(M11="","",'GİDER AYARLARI'!$B$10) | Q11: =IF(OR(M11="",J11=""),"",M11*'GİDER AYARLARI'!$B$8*J11/30) | R11: =IF(M11="","",M11+P11+Q11) | S11: =IF(OR(N11="",R11=""),"",N11-R11)
A12: =IF(B12="","",ROW()-6) | J12: =IF(I12="","",MAX(0,TODAY()-I12)) | P12: =IF(M12="","",'GİDER AYARLARI'!$B$10) | Q12: =IF(OR(M12="",J12=""),"",M12*'GİDER AYARLARI'!$B$8*J12/30) | R12: =IF(M12="","",M12+P12+Q12) | S12: =IF(OR(N12="",R12=""),"",N12-R12)
A13: =IF(B13="","",ROW()-6) | J13: =IF(I13="","",MAX(0,TODAY()-I13)) | P13: =IF(M13="","",'GİDER AYARLARI'!$B$10) | Q13: =IF(OR(M13="",J13=""),"",M13*'GİDER AYARLARI'!$B$8*J13/30) | R13: =IF(M13="","",M13+P13+Q13) | S13: =IF(OR(N13="",R13=""),"",N13-R13)
A14: =IF(B14="","",ROW()-6) | J14: =IF(I14="","",MAX(0,TODAY()-I14)) | P14: =IF(M14="","",'GİDER AYARLARI'!$B$10) | Q14: =IF(OR(M14="",J14=""),"",M14*'GİDER AYARLARI'!$B$8*J14/30) | R14: =IF(M14="","",M14+P14+Q14) | S14: =IF(OR(N14="",R14=""),"",N14-R14)
A15: =IF(B15="","",ROW()-6) | J15: =IF(I15="","",MAX(0,TODAY()-I15)) | P15: =IF(M15="","",'GİDER AYARLARI'!$B$10) | Q15: =IF(OR(M15="",J15=""),"",M15*'GİDER AYARLARI'!$B$8*J15/30) | R15: =IF(M15="","",M15+P15+Q15) | S15: =IF(OR(N15="",R15=""),"",N15-R15)
A16: =IF(B16="","",ROW()-6) | J16: =IF(I16="","",MAX(0,TODAY()-I16)) | P16: =IF(M16="","",'GİDER AYARLARI'!$B$10) | Q16: =IF(OR(M16="",J16=""),"",M16*'GİDER AYARLARI'!$B$8*J16/30) | R16: =IF(M16="","",M16+P16+Q16) | S16: =IF(OR(N16="",R16=""),"",N16-R16)
A17: =IF(B17="","",ROW()-6) | J17: =IF(I17="","",MAX(0,TODAY()-I17)) | P17: =IF(M17="","",'GİDER AYARLARI'!$B$10) | Q17: =IF(OR(M17="",J17=""),"",M17*'GİDER AYARLARI'!$B$8*J17/30) | R17: =IF(M17="","",M17+P17+Q17) | S17: =IF(OR(N17="",R17=""),"",N17-R17)
A18: =IF(B18="","",ROW()-6) | J18: =IF(I18="","",MAX(0,TODAY()-I18)) | P18: =IF(M18="","",'GİDER AYARLARI'!$B$10) | Q18: =IF(OR(M18="",J18=""),"",M18*'GİDER AYARLARI'!$B$8*J18/30) | R18: =IF(M18="","",M18+P18+Q18) | S18: =IF(OR(N18="",R18=""),"",N18-R18)
A19: =IF(B19="","",ROW()-6) | J19: =IF(I19="","",MAX(0,TODAY()-I19)) | P19: =IF(M19="","",'GİDER AYARLARI'!$B$10) | Q19: =IF(OR(M19="",J19=""),"",M19*'GİDER AYARLARI'!$B$8*J19/30) | R19: =IF(M19="","",M19+P19+Q19) | S19: =IF(OR(N19="",R19=""),"",N19-R19)
A20: =IF(B20="","",ROW()-6) | J20: =IF(I20="","",MAX(0,TODAY()-I20)) | P20: =IF(M20="","",'GİDER AYARLARI'!$B$10) | Q20: =IF(OR(M20="",J20=""),"",M20*'GİDER AYARLARI'!$B$8*J20/30) | R20: =IF(M20="","",M20+P20+Q20) | S20: =IF(OR(N20="",R20=""),"",N20-R20)
A21: =IF(B21="","",ROW()-6) | J21: =IF(I21="","",MAX(0,TODAY()-I21)) | P21: =IF(M21="","",'GİDER AYARLARI'!$B$10) | Q21: =IF(OR(M21="",J21=""),"",M21*'GİDER AYARLARI'!$B$8*J21/30) | R21: =IF(M21="","",M21+P21+Q21) | S21: =IF(OR(N21="",R21=""),"",N21-R21)
... A306: =IF(B306="","",ROW()-6) | J306: =IF(I306="","",MAX(0,TODAY()-I306)) | P306: =IF(M306="","",'GİDER AYARLARI'!$B$10) | Q306: =IF(OR(M306="",J306=""),"",M306*'GİDER AYARLARI'!$B$8*J306/30) | R306: =IF(M306="","",M306+P306+Q306) | S306: =IF(OR(N306="",R306=""),"",N306-R306)
